﻿<?xml version="1.0" encoding="utf-8" ?>
<c2eventsheet>
    <!--All the 'name' attributes are ignored by Construct 2 - they are there for readability only.-->
    <name>Event sheet 1</name>
    <events>
        <event-block sid="2410619567369026">
            <conditions>
                <condition id="-25" name="On loader layout complete" sid="6942356222800872" type="System" />
            </conditions>
            <actions>
                <action id="0" name="Connect" sid="6057599705917292" type="Socket">
                    <param id="0" name="Address">&quot;gdp.servegame.com&quot;</param>
                    <param id="1" name="Port">8089</param>
                </action>
            </actions>
        </event-block>
        <event-block sid="8642507911022795">
            <conditions>
                <condition id="1" name="On connect" sid="7711237067617287" type="Socket" />
            </conditions>
            <actions>
                <action id="-15" name="Set visible" sid="2323133522405524" type="Text">
                    <param id="0" name="Visibility">1</param>
                </action>
            </actions>
        </event-block>
        <event-block sid="7689052507297643">
            <conditions>
                <condition behavior="8Direction" id="0" name="Is moving" sid="887468607331381" type="Player" />
            </conditions>
            <actions>
                <action id="2" name="Send" sid="1592544417866754" type="Socket">
                    <param id="0" name="Data">Player.X&amp;&quot;,&quot;&amp;Player.Y&amp;&quot;,&quot;&amp;Player.8Direction.MovingAngle</param>
                </action>
            </actions>
        </event-block>
        <event-block sid="9606500791186258">
            <conditions>
                <condition id="0" name="On data received" sid="449267505000648" type="Socket" />
            </conditions>
            <actions>
                <action id="3" name="SplitDataReceived" sid="2772538718724243" type="Socket" />
                <action id="-1" name="Set X" sid="7214412040582416" type="Player2">
                    <param id="0" name="X">int(Socket.LastDataElement(0))</param>
                </action>
                <action id="-2" name="Set Y" sid="3896105149813893" type="Player2">
                    <param id="0" name="Y">int(Socket.LastDataElement(1))</param>
                </action>
                <action id="-8" name="Set angle" sid="1017487722725904" type="Player2">
                    <param id="0" name="Angle">int(Socket.LastDataElement(2))</param>
                </action>
                <action id="1" name="Assign nickname" sid="1972201732581552" type="Nickname">
                    <param id="0" name="Nickname">&quot;hola&quot;</param>
                    <param id="1" name="Object">Player</param>
                </action>
            </actions>
        </event-block>
    </events>
</c2eventsheet>
